sample	tool	chrom	start	end	svtype
sample3	breakdancer	chr21	8837986	8838043	INS
sample3	breakdancer	chr21	12760716	12760839	INS
sample3	breakdancer	chr21	14033765	14033893	INS
sample3	breakdancer	chr21	14276620	14276743	INS
sample3	breakdancer	chr21	15659297	15659420	INS
sample3	breakdancer	chr21	19272810	19272983	INS
sample3	breakdancer	chr21	19530009	19530128	INS
sample3	breakdancer	chr21	27676856	27676969	INS
sample3	breakdancer	chr21	28522340	28522467	INS
sample3	breakdancer	chr21	29166702	29166755	INS
sample3	breakdancer	chr21	33780312	33780437	INS
sample3	breakdancer	chr21	37677622	37677733	INS
sample3	breakdancer	chr21	38977975	38978099	INS
sample3	breakdancer	chr21	39737639	39738028	DEL
sample3	breakdancer	chr21	41606153	41606262	INS
sample3	breakdancer	chr21	44608825	44608938	INS
sample3	breakdancer	chr21	45058753	45058878	INS
sample3	breakdancer	chr21	45390106	45390229	INS
sample3	lumpy	chr21	10272711	10273586	DEL
sample3	lumpy	chr21	14991296	14992185	DEL
sample3	lumpy	chr21	15946617	15947267	DEL
sample3	lumpy	chr21	16207320	16208126	DEL
sample3	lumpy	chr21	16437494	16437908	DEL
sample3	lumpy	chr21	16920872	16920872	BND
sample3	lumpy	chr21	16921844	16921844	BND
sample3	lumpy	chr21	16920944	16921843	DEL
sample3	lumpy	chr21	20053427	20053988	DEL
sample3	lumpy	chr21	22314556	22314895	DEL
sample3	lumpy	chr21	22943505	22943912	DEL
sample3	lumpy	chr21	25475695	25476425	DEL
sample3	lumpy	chr21	27228659	27229062	DEL
sample3	lumpy	chr21	27497821	27497950	DEL
sample3	lumpy	chr21	29166834	29167651	DEL
sample3	lumpy	chr21	31353087	31353808	DEL
sample3	lumpy	chr21	34119506	34120258	DEL
sample3	lumpy	chr21	35372816	35373681	DEL
sample3	lumpy	chr21	35720499	35720641	DEL
sample3	lumpy	chr21	36481392	36482152	DEL
sample3	lumpy	chr21	39737724	39738027	DEL
sample3	lumpy	chr21	39797634	39798010	DEL
sample3	lumpy	chr21	43026071	43026950	DEL
sample3	lumpy	chr21	44309923	44310322	DEL
sample3	lumpy	chr21	45385713	45386234	DEL
sample3	lumpy	chr21	45807709	45807960	DEL
sample3	lumpy	chr21	46636845	46637084	DEL
sample3	manta	chr21	10272709	10273586	DEL
sample3	manta	chr21	14033888	14033888	INS
sample3	manta	chr21	14276742	14276742	INS
sample3	manta	chr21	14991295	14992185	DEL
sample3	manta	chr21	15946616	15947267	DEL
sample3	manta	chr21	16207320	16208126	DEL
sample3	manta	chr21	16437494	16437908	DEL
sample3	manta	chr21	16920944	16921843	DEL
sample3	manta	chr21	19272982	19272982	INS
sample3	manta	chr21	19530127	19530127	INS
sample3	manta	chr21	19873407	19873407	INS
sample3	manta	chr21	20053426	20053988	DEL
sample3	manta	chr21	22314556	22314895	DEL
sample3	manta	chr21	22943503	22943912	DEL
sample3	manta	chr21	23418748	23418748	INS
sample3	manta	chr21	25475695	25476425	DEL
sample3	manta	chr21	27228659	27229062	DEL
sample3	manta	chr21	27497821	27497950	DEL
sample3	manta	chr21	27676968	27676968	INS
sample3	manta	chr21	28522466	28522466	INS
sample3	manta	chr21	29166832	29167651	DEL
sample3	manta	chr21	31353087	31353808	DEL
sample3	manta	chr21	34119505	34120258	DEL
sample3	manta	chr21	35372815	35373681	DEL
sample3	manta	chr21	35720498	35720641	DEL
sample3	manta	chr21	36481391	36482152	DEL
sample3	manta	chr21	37677730	37677730	INS
sample3	manta	chr21	38978098	38978098	INS
sample3	manta	chr21	39737724	39738027	DEL
sample3	manta	chr21	41606261	41606261	INS
sample3	manta	chr21	43026071	43026950	DEL
sample3	manta	chr21	45385712	45386234	DEL
sample3	manta	chr21	45807709	45807960	DEL
sample3	manta	chr21	46636843	46637084	DEL
sample3	delly	chr21	10272711	10273589	DEL
sample3	delly	chr21	10272711	10273073	DEL
sample3	delly	chr21	11498887	11499277	DEL
sample3	delly	chr21	14991296	14992187	DEL
sample3	delly	chr21	15946617	15947269	DEL
sample3	delly	chr21	16207320	16208127	DEL
sample3	delly	chr21	16437494	16437909	DEL
sample3	delly	chr21	16920944	16921844	DEL
sample3	delly	chr21	20053427	20053990	DEL
sample3	delly	chr21	22314556	22314896	DEL
sample3	delly	chr21	22943505	22943915	DEL
sample3	delly	chr21	25475695	25476426	DEL
sample3	delly	chr21	27228659	27229063	DEL
sample3	delly	chr21	27497821	27497951	DEL
sample3	delly	chr21	29166834	29167654	DEL
sample3	delly	chr21	31353087	31353809	DEL
sample3	delly	chr21	34119506	34120260	DEL
sample3	delly	chr21	35372816	35373683	DEL
sample3	delly	chr21	35720499	35720643	DEL
sample3	delly	chr21	36481392	36482154	DEL
sample3	delly	chr21	39737724	39738028	DEL
sample3	delly	chr21	39797634	39798011	DEL
sample3	delly	chr21	43026071	43026951	DEL
sample3	delly	chr21	44309923	44310323	DEL
sample3	delly	chr21	45385713	45386236	DEL
sample3	delly	chr21	45385713	45386090	DEL
sample3	delly	chr21	45807709	45807961	DEL
sample3	delly	chr21	46636845	46637087	DEL
sample6	lumpy	chr21	10052046	10061688	DEL
sample6	lumpy	chr21	16496926	16502661	DEL
sample6	lumpy	chr21	18448725	18455242	DEL
sample6	lumpy	chr21	21266092	21275089	DEL
sample6	lumpy	chr21	24398844	24405635	DEL
sample6	lumpy	chr21	25118261	25119375	DEL
sample6	lumpy	chr21	29223448	29230882	DEL
sample6	lumpy	chr21	30163793	30172216	DEL
sample6	lumpy	chr21	34006506	34014942	DEL
sample6	lumpy	chr21	35253018	35255478	DEL
sample6	lumpy	chr21	37058974	37061727	DEL
sample6	lumpy	chr21	43902402	43906476	DEL
sample6	lumpy	chr21	45178057	45186610	DEL
sample6	manta	chr21	10052044	10061688	DEL
sample6	manta	chr21	16094361	16094361	INS
sample6	manta	chr21	16496924	16502661	DEL
sample6	manta	chr21	18448724	18455242	DEL
sample6	manta	chr21	18982690	18982690	INS
sample6	manta	chr21	21266090	21275089	DEL
sample6	manta	chr21	24398842	24405635	DEL
sample6	manta	chr21	25118261	25119375	DEL
sample6	manta	chr21	29223453	29230882	DEL
sample6	manta	chr21	29508110	29508110	INS
sample6	manta	chr21	30163793	30172216	DEL
sample6	manta	chr21	34006506	34014942	DEL
sample6	manta	chr21	35253018	35255478	DEL
sample6	manta	chr21	35828022	35830054	DEL
sample6	manta	chr21	37058974	37061727	DEL
sample6	manta	chr21	39537216	39537216	INS
sample6	manta	chr21	43902402	43906476	DEL
sample6	delly	chr21	10052046	10061691	DEL
sample6	delly	chr21	16496926	16502664	DEL
sample6	delly	chr21	18448725	18455244	DEL
sample6	delly	chr21	21266092	21275092	DEL
sample6	delly	chr21	24398844	24405638	DEL
sample6	delly	chr21	25118261	25119376	DEL
sample6	delly	chr21	29223453	29230883	DEL
sample6	delly	chr21	30163793	30172217	DEL
sample6	delly	chr21	34006506	34014943	DEL
sample6	delly	chr21	35253018	35255479	DEL
sample6	delly	chr21	35828022	35830055	DEL
sample6	delly	chr21	37058974	37061728	DEL
sample6	delly	chr21	43902402	43906477	DEL
sample6	breakdancer	chr21	10579021	10579147	INS
sample6	breakdancer	chr21	14874313	14874422	INS
sample6	breakdancer	chr21	16094237	16094362	INS
sample6	breakdancer	chr21	16196029	16196155	INS
sample6	breakdancer	chr21	18982564	18982691	INS
sample6	breakdancer	chr21	21504332	21504446	INS
sample6	breakdancer	chr21	26714182	26714293	INS
sample6	breakdancer	chr21	29364186	29364247	INS
sample6	breakdancer	chr21	29507985	29508111	INS
sample6	breakdancer	chr21	32378797	32378914	INS
sample6	breakdancer	chr21	39537095	39537221	INS
sample6	breakdancer	chr21	43902319	43906477	DEL
sample5	delly	chr21	13138210	13145101	DEL
sample5	delly	chr21	13409146	13412330	DEL
sample5	delly	chr21	17103033	17107609	DEL
sample5	delly	chr21	17300302	17309569	DEL
sample5	delly	chr21	19163676	19167717	DEL
sample5	delly	chr21	19364374	19371578	DEL
sample5	delly	chr21	27805965	27808261	DEL
sample5	delly	chr21	32186022	32194182	DEL
sample5	delly	chr21	35211128	35215461	DEL
sample5	delly	chr21	35777161	35781340	DEL
sample5	delly	chr21	36301869	36304479	DEL
sample5	delly	chr21	45196241	45205127	DEL
sample5	breakdancer	chr21	13138079	13138133	INS
sample5	breakdancer	chr21	13847194	13847308	INS
sample5	breakdancer	chr21	14260784	14260897	INS
sample5	breakdancer	chr21	16537391	16537515	INS
sample5	breakdancer	chr21	17102910	17102955	INS
sample5	breakdancer	chr21	17932488	17932608	INS
sample5	breakdancer	chr21	18806151	18806275	INS
sample5	breakdancer	chr21	23452044	23452165	INS
sample5	breakdancer	chr21	25071066	25071171	INS
sample5	breakdancer	chr21	27708912	27709034	INS
sample5	breakdancer	chr21	27894910	27895039	INS
sample5	breakdancer	chr21	30355846	30355964	INS
sample5	breakdancer	chr21	30754179	30754282	INS
sample5	breakdancer	chr21	31484471	31484537	INS
sample5	breakdancer	chr21	35211007	35211053	INS
sample5	breakdancer	chr21	35211048	35215452	DEL
sample5	breakdancer	chr21	36301749	36301787	INS
sample5	breakdancer	chr21	39543491	39543539	INS
sample5	breakdancer	chr21	40358029	40358153	INS
sample5	lumpy	chr21	13138208	13145100	DEL
sample5	lumpy	chr21	13409146	13412328	DEL
sample5	lumpy	chr21	16344507	16349117	DEL
sample5	lumpy	chr21	17103033	17107607	DEL
sample5	lumpy	chr21	17300302	17309568	DEL
sample5	lumpy	chr21	19163676	19167716	DEL
sample5	lumpy	chr21	19364374	19371576	DEL
sample5	lumpy	chr21	27805965	27808260	DEL
sample5	lumpy	chr21	32186022	32194181	DEL
sample5	lumpy	chr21	35211128	35215460	DEL
sample5	lumpy	chr21	35777161	35781339	DEL
sample5	lumpy	chr21	36301869	36304478	DEL
sample5	lumpy	chr21	45196241	45205126	DEL
sample5	manta	chr21	13138208	13145100	DEL
sample5	manta	chr21	13409145	13412328	DEL
sample5	manta	chr21	13847307	13847307	INS
sample5	manta	chr21	17103032	17107607	DEL
sample5	manta	chr21	17300302	17309568	DEL
sample5	manta	chr21	17932605	17932607	INS
sample5	manta	chr21	19163676	19167716	DEL
sample5	manta	chr21	19364373	19371576	DEL
sample5	manta	chr21	23452164	23452164	INS
sample5	manta	chr21	25071170	25071170	INS
sample5	manta	chr21	27709033	27709033	INS
sample5	manta	chr21	27805965	27808260	DEL
sample5	manta	chr21	27895034	27895034	INS
sample5	manta	chr21	30355963	30355963	INS
sample5	manta	chr21	32186022	32194181	DEL
sample5	manta	chr21	35211128	35215460	DEL
sample5	manta	chr21	35777161	35781339	DEL
sample5	manta	chr21	36301869	36304478	DEL
sample5	manta	chr21	45196241	45205126	DEL
sample8	breakdancer	chr21	16098842	16098966	INS
sample8	breakdancer	chr21	17020270	17020391	INS
sample8	breakdancer	chr21	18844815	18844941	INS
sample8	breakdancer	chr21	27673702	27673824	INS
sample8	breakdancer	chr21	42964077	42964204	INS
sample8	breakdancer	chr21	43764179	43764287	INS
sample8	lumpy	chr21	21498751	21528063	DEL
sample8	lumpy	chr21	33750434	33822263	DEL
sample8	lumpy	chr21	35201638	35286503	DEL
sample8	lumpy	chr21	35935541	36000958	DEL
sample8	delly	chr21	21498751	21528065	DEL
sample8	delly	chr21	35201638	35286504	DEL
sample8	delly	chr21	35935541	36000959	DEL
sample8	manta	chr21	16098965	16098965	INS
sample8	manta	chr21	17020390	17020390	INS
sample8	manta	chr21	18844940	18844940	INS
sample8	manta	chr21	21498750	21528063	DEL
sample8	manta	chr21	35201638	35286503	DEL
sample8	manta	chr21	35935541	36000958	DEL
sample8	manta	chr21	43764282	43764282	INS
sample10	manta	chr21	10392453	10392453	INS
sample10	manta	chr21	13851149	13867081	DEL
sample10	manta	chr21	16703783	16780733	DEL
sample10	manta	chr21	26560114	26631359	DEL
sample10	manta	chr21	27481562	27501718	DEL
sample10	manta	chr21	28173015	28212838	DEL
sample10	manta	chr21	28667608	28687847	DEL
sample10	manta	chr21	30572920	30633406	DEL
sample10	lumpy	chr21	13851149	13867081	DEL
sample10	lumpy	chr21	26560115	26631359	DEL
sample10	lumpy	chr21	27481562	27501718	DEL
sample10	lumpy	chr21	28173015	28212838	DEL
sample10	lumpy	chr21	28667609	28687847	DEL
sample10	lumpy	chr21	30572921	30633406	DEL
sample10	breakdancer	chr21	10392368	10392454	INS
sample10	breakdancer	chr21	28172898	28172937	INS
sample10	delly	chr21	13851149	13867082	DEL
sample10	delly	chr21	16703783	16780734	DEL
sample10	delly	chr21	26560115	26631361	DEL
sample10	delly	chr21	27481562	27501719	DEL
sample10	delly	chr21	28173015	28212839	DEL
sample10	delly	chr21	28667609	28687849	DEL
sample10	delly	chr21	30572921	30633408	DEL
sample7	lumpy	chr21	14168053	14209955	DEL
sample7	lumpy	chr21	22345069	22382420	DEL
sample7	lumpy	chr21	38139728	38180143	DEL
sample7	manta	chr21	14168052	14209955	DEL
sample7	manta	chr21	22345066	22382420	DEL
sample7	manta	chr21	23689359	23689359	INS
sample7	manta	chr21	24984634	24984634	INS
sample7	manta	chr21	38139728	38180143	DEL
sample7	manta	chr21	43923028	43923028	INS
sample7	manta	chr21	45867732	45867732	INS
sample7	breakdancer	chr21	18802292	18802415	INS
sample7	breakdancer	chr21	23009262	23009378	INS
sample7	breakdancer	chr21	23689237	23689365	INS
sample7	breakdancer	chr21	24984507	24984635	INS
sample7	breakdancer	chr21	38139642	38180144	DEL
sample7	breakdancer	chr21	43922902	43923029	INS
sample7	breakdancer	chr21	45867613	45867733	INS
sample7	delly	chr21	14168053	14209957	DEL
sample7	delly	chr21	22345069	22382424	DEL
sample7	delly	chr21	38139728	38180144	DEL
sample2	delly	chr21	10572625	10572679	DEL
sample2	delly	chr21	10592219	10592277	DEL
sample2	delly	chr21	12312329	12312427	DEL
sample2	delly	chr21	13256207	13256302	DEL
sample2	delly	chr21	13830821	13830867	DEL
sample2	delly	chr21	13848696	13848772	DEL
sample2	delly	chr21	15505841	15505933	DEL
sample2	delly	chr21	15742416	15742495	DEL
sample2	delly	chr21	16678953	16679043	DEL
sample2	delly	chr21	18843338	18843380	DEL
sample2	delly	chr21	19714820	19714919	DEL
sample2	delly	chr21	20161227	20161307	DEL
sample2	delly	chr21	21001270	21001344	DEL
sample2	delly	chr21	21850025	21850063	DEL
sample2	delly	chr21	23671223	23671312	DEL
sample2	delly	chr21	23974742	23974803	DEL
sample2	delly	chr21	24983896	24983944	DEL
sample2	delly	chr21	25549987	25550032	DEL
sample2	delly	chr21	25813499	25813574	DEL
sample2	delly	chr21	27499731	27499803	DEL
sample2	delly	chr21	29422612	29422663	DEL
sample2	delly	chr21	34677428	34677510	DEL
sample2	delly	chr21	35400740	35400787	DEL
sample2	delly	chr21	36796122	36796194	DEL
sample2	delly	chr21	36988247	36988296	DEL
sample2	delly	chr21	37886928	37886966	DEL
sample2	delly	chr21	37999641	37999705	DEL
sample2	delly	chr21	39100470	39100568	DEL
sample2	delly	chr21	44516621	44516700	DEL
sample2	delly	chr21	45575798	45575850	DEL
sample2	delly	chr21	45731132	45731232	DEL
sample2	delly	chr21	46468966	46469046	DEL
sample2	delly	chr21	46483472	46483554	DEL
sample2	breakdancer	chr21	9176108	9176171	INS
sample2	breakdancer	chr21	9840461	9840526	INS
sample2	breakdancer	chr21	11067336	11067417	INS
sample2	breakdancer	chr21	15742294	15742334	INS
sample2	breakdancer	chr21	18792026	18792086	INS
sample2	breakdancer	chr21	19714691	19714745	INS
sample2	breakdancer	chr21	21606172	21606286	INS
sample2	breakdancer	chr21	22587596	22587723	INS
sample2	breakdancer	chr21	23489751	23489811	INS
sample2	breakdancer	chr21	23885617	23885744	INS
sample2	breakdancer	chr21	24247386	24247443	INS
sample2	breakdancer	chr21	24552377	24552414	INS
sample2	breakdancer	chr21	25813377	25813424	INS
sample2	breakdancer	chr21	26713804	26713905	INS
sample2	breakdancer	chr21	28112700	28112820	INS
sample2	breakdancer	chr21	28719555	28719615	INS
sample2	breakdancer	chr21	32185094	32185219	INS
sample2	breakdancer	chr21	34751239	34751273	INS
sample2	breakdancer	chr21	35306741	35306834	INS
sample2	breakdancer	chr21	35400682	35400787	DEL
sample2	breakdancer	chr21	37426557	37426670	INS
sample2	breakdancer	chr21	39982515	39982584	INS
sample2	breakdancer	chr21	41939764	41939844	INS
sample2	breakdancer	chr21	42280146	42280216	INS
sample2	breakdancer	chr21	42314622	42314747	INS
sample2	breakdancer	chr21	44516502	44516539	INS
sample2	breakdancer	chr21	44800128	44800245	INS
sample2	breakdancer	chr21	44811295	44811321	INS
sample2	breakdancer	chr21	44899883	44899995	INS
sample2	breakdancer	chr21	45735967	45736091	INS
sample2	lumpy	chr21	10572625	10572678	DEL
sample2	lumpy	chr21	10592219	10592276	DEL
sample2	lumpy	chr21	13830821	13830866	DEL
sample2	lumpy	chr21	13848696	13848770	DEL
sample2	lumpy	chr21	15505841	15505932	DEL
sample2	lumpy	chr21	15742416	15742494	DEL
sample2	lumpy	chr21	16678953	16679042	DEL
sample2	lumpy	chr21	18843338	18843378	DEL
sample2	lumpy	chr21	19714820	19714918	DEL
sample2	lumpy	chr21	20161227	20161306	DEL
sample2	lumpy	chr21	21001270	21001342	DEL
sample2	lumpy	chr21	21506335	21506370	DEL
sample2	lumpy	chr21	21850025	21850062	DEL
sample2	lumpy	chr21	23671223	23671311	DEL
sample2	lumpy	chr21	23974742	23974801	DEL
sample2	lumpy	chr21	24983896	24983943	DEL
sample2	lumpy	chr21	25549987	25550031	DEL
sample2	lumpy	chr21	25813499	25813571	DEL
sample2	lumpy	chr21	27499731	27499801	DEL
sample2	lumpy	chr21	29422612	29422662	DEL
sample2	lumpy	chr21	34677428	34677509	DEL
sample2	lumpy	chr21	35400740	35400786	DEL
sample2	lumpy	chr21	36796122	36796191	DEL
sample2	lumpy	chr21	36988247	36988295	DEL
sample2	lumpy	chr21	37886928	37886963	DEL
sample2	lumpy	chr21	37999641	37999704	DEL
sample2	lumpy	chr21	39100470	39100566	DEL
sample2	lumpy	chr21	44516621	44516699	DEL
sample2	lumpy	chr21	45575798	45575849	DEL
sample2	lumpy	chr21	45731132	45731231	DEL
sample2	lumpy	chr21	46468966	46469044	DEL
sample2	lumpy	chr21	46483472	46483553	DEL
sample2	manta	chr21	9176224	9176226	INS
sample2	manta	chr21	9840577	9840577	INS
sample2	manta	chr21	10572625	10572678	DEL
sample2	manta	chr21	10592219	10592276	DEL
sample2	manta	chr21	12312329	12312426	DEL
sample2	manta	chr21	13848695	13848770	DEL
sample2	manta	chr21	15078746	15078746	INS
sample2	manta	chr21	15505841	15505932	DEL
sample2	manta	chr21	15742416	15742494	DEL
sample2	manta	chr21	19714820	19714918	DEL
sample2	manta	chr21	20161227	20161306	DEL
sample2	manta	chr21	23671223	23671311	DEL
sample2	manta	chr21	23885739	23885739	INS
sample2	manta	chr21	23974741	23974801	DEL
sample2	manta	chr21	24247511	24247511	INS
sample2	manta	chr21	24552478	24552478	INS
sample2	manta	chr21	24794654	24794654	INS
sample2	manta	chr21	25813497	25813571	DEL
sample2	manta	chr21	27499730	27499801	DEL
sample2	manta	chr21	29422612	29422662	DEL
sample2	manta	chr21	34677428	34677509	DEL
sample2	manta	chr21	36796120	36796191	DEL
sample2	manta	chr21	37426669	37426669	INS
sample2	manta	chr21	37999641	37999704	DEL
sample2	manta	chr21	39100469	39100566	DEL
sample2	manta	chr21	39982635	39982635	INS
sample2	manta	chr21	41939843	41939843	INS
sample2	manta	chr21	42280267	42280267	INS
sample2	manta	chr21	44516621	44516699	DEL
sample2	manta	chr21	45575798	45575849	DEL
sample2	manta	chr21	45731132	45731231	DEL
sample2	manta	chr21	46468965	46469044	DEL
sample2	manta	chr21	46483472	46483553	DEL
sample9	lumpy	chr21	17688609	17772028	DEL
sample9	lumpy	chr21	24070606	24110479	DEL
sample9	lumpy	chr21	31853872	31877250	DEL
sample9	lumpy	chr21	37190617	37222756	DEL
sample9	lumpy	chr21	43896837	43973655	DEL
sample9	breakdancer	chr21	17894790	17894914	INS
sample9	breakdancer	chr21	29356034	29356157	INS
sample9	breakdancer	chr21	41544007	41544068	INS
sample9	breakdancer	chr21	43896754	43973656	DEL
sample9	breakdancer	chr21	44970182	44970296	INS
sample9	delly	chr21	17688609	17772032	DEL
sample9	delly	chr21	24070606	24110480	DEL
sample9	delly	chr21	31853872	31877251	DEL
sample9	delly	chr21	37190617	37222757	DEL
sample9	delly	chr21	43896837	43973656	DEL
sample9	manta	chr21	17688606	17772028	DEL
sample9	manta	chr21	17894913	17894913	INS
sample9	manta	chr21	24070606	24110479	DEL
sample9	manta	chr21	29356156	29356156	INS
sample9	manta	chr21	31853872	31877250	DEL
sample9	manta	chr21	37190617	37222756	DEL
sample9	manta	chr21	43896837	43973655	DEL
sample9	manta	chr21	44970295	44970295	INS
sample1	delly	chr21	8759220	8759317	DEL
sample1	delly	chr21	11039931	11040025	DEL
sample1	delly	chr21	11361665	11361718	DEL
sample1	delly	chr21	12658036	12658068	DEL
sample1	delly	chr21	13089494	13089556	DEL
sample1	delly	chr21	13978655	13978750	DEL
sample1	delly	chr21	14783166	14783225	DEL
sample1	delly	chr21	15831207	15831270	DEL
sample1	delly	chr21	15923483	15923517	DEL
sample1	delly	chr21	17421268	17421355	DEL
sample1	delly	chr21	19411436	19411469	DEL
sample1	delly	chr21	20834449	20834488	DEL
sample1	delly	chr21	21346737	21346818	DEL
sample1	delly	chr21	22781127	22781193	DEL
sample1	delly	chr21	23221377	23221476	DEL
sample1	delly	chr21	24847741	24847796	DEL
sample1	delly	chr21	27249892	27249938	DEL
sample1	delly	chr21	28840286	28840330	DEL
sample1	delly	chr21	30639949	30639999	DEL
sample1	delly	chr21	31496466	31496526	DEL
sample1	delly	chr21	32173599	32173676	DEL
sample1	delly	chr21	32620419	32620459	DEL
sample1	delly	chr21	32838434	32838508	DEL
sample1	delly	chr21	33424774	33424855	DEL
sample1	delly	chr21	33721877	33721974	DEL
sample1	delly	chr21	34292547	34292606	DEL
sample1	delly	chr21	34876623	34876687	DEL
sample1	delly	chr21	35351728	35351759	DEL
sample1	delly	chr21	35501882	35501924	DEL
sample1	delly	chr21	37172023	37172053	DEL
sample1	delly	chr21	37695034	37695112	DEL
sample1	delly	chr21	38562758	38562821	DEL
sample1	delly	chr21	40037468	40037559	DEL
sample1	delly	chr21	43878265	43878313	DEL
sample1	delly	chr21	44669812	44669882	DEL
sample1	delly	chr21	45123308	45123354	DEL
sample1	manta	chr21	8759215	8759311	DEL
sample1	manta	chr21	11444660	11444660	INS
sample1	manta	chr21	13089493	13089554	DEL
sample1	manta	chr21	13978654	13978748	DEL
sample1	manta	chr21	14783166	14783224	DEL
sample1	manta	chr21	15487065	15487065	INS
sample1	manta	chr21	15831207	15831269	DEL
sample1	manta	chr21	17421267	17421353	DEL
sample1	manta	chr21	21248751	21248751	INS
sample1	manta	chr21	21346737	21346817	DEL
sample1	manta	chr21	22781126	22781191	DEL
sample1	manta	chr21	23221377	23221475	DEL
sample1	manta	chr21	24847739	24847793	DEL
sample1	manta	chr21	30699382	30699382	INS
sample1	manta	chr21	31496466	31496525	DEL
sample1	manta	chr21	32173598	32173674	DEL
sample1	manta	chr21	32838434	32838507	DEL
sample1	manta	chr21	33424772	33424852	DEL
sample1	manta	chr21	33600806	33600806	INS
sample1	manta	chr21	33721876	33721972	DEL
sample1	manta	chr21	34292547	34292605	DEL
sample1	manta	chr21	34876621	34876684	DEL
sample1	manta	chr21	35656510	35656510	INS
sample1	manta	chr21	37695033	37695110	DEL
sample1	manta	chr21	38562758	38562820	DEL
sample1	manta	chr21	44669812	44669881	DEL
sample1	manta	chr21	45489424	45489424	INS
sample1	manta	chr21	46482017	46482017	INS
sample1	lumpy	chr21	8759220	8759311	DEL
sample1	lumpy	chr21	13089494	13089554	DEL
sample1	lumpy	chr21	13978655	13978748	DEL
sample1	lumpy	chr21	14783166	14783224	DEL
sample1	lumpy	chr21	15831207	15831269	DEL
sample1	lumpy	chr21	15923483	15923516	DEL
sample1	lumpy	chr21	17421268	17421353	DEL
sample1	lumpy	chr21	19411436	19411467	DEL
sample1	lumpy	chr21	21346737	21346817	DEL
sample1	lumpy	chr21	22781127	22781191	DEL
sample1	lumpy	chr21	23221377	23221475	DEL
sample1	lumpy	chr21	24847741	24847793	DEL
sample1	lumpy	chr21	27249892	27249936	DEL
sample1	lumpy	chr21	28840286	28840324	DEL
sample1	lumpy	chr21	30639949	30639995	DEL
sample1	lumpy	chr21	31496466	31496525	DEL
sample1	lumpy	chr21	32173599	32173674	DEL
sample1	lumpy	chr21	32620419	32620454	DEL
sample1	lumpy	chr21	32838434	32838507	DEL
sample1	lumpy	chr21	33424774	33424852	DEL
sample1	lumpy	chr21	33721877	33721972	DEL
sample1	lumpy	chr21	34292547	34292605	DEL
sample1	lumpy	chr21	34876623	34876684	DEL
sample1	lumpy	chr21	35351728	35351757	DEL
sample1	lumpy	chr21	35501882	35501923	DEL
sample1	lumpy	chr21	37695034	37695110	DEL
sample1	lumpy	chr21	38562758	38562820	DEL
sample1	lumpy	chr21	43878265	43878311	DEL
sample1	lumpy	chr21	44669818	44669881	DEL
sample1	lumpy	chr21	45123308	45123353	DEL
sample1	breakdancer	chr21	10368146	10368274	INS
sample1	breakdancer	chr21	10519817	10519932	INS
sample1	breakdancer	chr21	15486946	15487066	INS
sample1	breakdancer	chr21	16355111	16355219	INS
sample1	breakdancer	chr21	17125790	17125857	INS
sample1	breakdancer	chr21	20430540	20430575	INS
sample1	breakdancer	chr21	21620695	21620759	INS
sample1	breakdancer	chr21	22090381	22090452	INS
sample1	breakdancer	chr21	27495172	27495230	INS
sample1	breakdancer	chr21	30699255	30699327	INS
sample1	breakdancer	chr21	33600683	33600807	INS
sample1	breakdancer	chr21	33883881	33883942	INS
sample1	breakdancer	chr21	34950312	34950352	INS
sample1	breakdancer	chr21	35068884	35069008	INS
sample1	breakdancer	chr21	35656411	35656511	INS
sample1	breakdancer	chr21	37673592	37673713	INS
sample1	breakdancer	chr21	38562682	38562821	DEL
sample1	breakdancer	chr21	39919259	39919385	INS
sample1	breakdancer	chr21	40633097	40633221	INS
sample1	breakdancer	chr21	40790375	40790496	INS
sample1	breakdancer	chr21	41899278	41899395	INS
sample1	breakdancer	chr21	42504601	42504719	INS
sample1	breakdancer	chr21	42719948	42720066	INS
sample1	breakdancer	chr21	43800436	43800562	INS
sample1	breakdancer	chr21	43972612	43972678	INS
sample1	breakdancer	chr21	44494729	44494826	INS
sample1	breakdancer	chr21	44669668	44669733	INS
sample1	breakdancer	chr21	45489307	45489425	INS
sample1	breakdancer	chr21	46481898	46481965	INS
sample1	breakdancer	chr21	46585498	46585609	INS
sample4	breakdancer	chr21	9977783	9977911	INS
sample4	breakdancer	chr21	13515479	13515592	INS
sample4	breakdancer	chr21	19459962	19460088	INS
sample4	breakdancer	chr21	19622664	19622788	INS
sample4	breakdancer	chr21	20141177	20141298	INS
sample4	breakdancer	chr21	20157679	20157805	INS
sample4	breakdancer	chr21	22393039	22393145	INS
sample4	breakdancer	chr21	25065496	25065583	INS
sample4	breakdancer	chr21	27965285	27965337	INS
sample4	breakdancer	chr21	30372150	30372274	INS
sample4	breakdancer	chr21	32660215	32660332	INS
sample4	breakdancer	chr21	33054983	33055106	INS
sample4	breakdancer	chr21	33732571	33732641	INS
sample4	breakdancer	chr21	36602271	36602394	INS
sample4	breakdancer	chr21	38540080	38540204	INS
sample4	breakdancer	chr21	38801764	38801874	INS
sample4	breakdancer	chr21	39295138	39295262	INS
sample4	breakdancer	chr21	39714917	39714973	INS
sample4	breakdancer	chr21	40131741	40131857	INS
sample4	breakdancer	chr21	40212375	40212499	INS
sample4	breakdancer	chr21	43614031	43614157	INS
sample4	breakdancer	chr21	44643414	44643540	INS
sample4	breakdancer	chr21	44916340	44916393	INS
sample4	breakdancer	chr21	45286057	45286182	INS
sample4	lumpy	chr21	5243524	5243988	DEL
sample4	lumpy	chr21	10076402	10076872	DEL
sample4	lumpy	chr21	13921525	13922319	DEL
sample4	lumpy	chr21	14704051	14704192	DEL
sample4	lumpy	chr21	17522962	17523672	DEL
sample4	lumpy	chr21	19389253	19390052	DEL
sample4	lumpy	chr21	20093282	20093477	DEL
sample4	lumpy	chr21	21024446	21024863	DEL
sample4	lumpy	chr21	23604700	23605611	DEL
sample4	lumpy	chr21	25127743	25128261	DEL
sample4	lumpy	chr21	25849395	25850027	DEL
sample4	lumpy	chr21	26715316	26716151	DEL
sample4	lumpy	chr21	28835958	28836175	DEL
sample4	lumpy	chr21	29692438	29692636	DEL
sample4	lumpy	chr21	31828774	31829767	DEL
sample4	lumpy	chr21	32147929	32148032	DEL
sample4	lumpy	chr21	33183645	33184309	DEL
sample4	lumpy	chr21	33732714	33733540	DEL
sample4	lumpy	chr21	44916463	44916747	DEL
sample4	delly	chr21	5243524	5243990	DEL
sample4	delly	chr21	10076402	10076873	DEL
sample4	delly	chr21	12249755	12250254	DEL
sample4	delly	chr21	13921525	13922320	DEL
sample4	delly	chr21	14704051	14704195	DEL
sample4	delly	chr21	17522962	17523675	DEL
sample4	delly	chr21	19389253	19390053	DEL
sample4	delly	chr21	20093282	20093481	DEL
sample4	delly	chr21	21024446	21024864	DEL
sample4	delly	chr21	23604700	23605614	DEL
sample4	delly	chr21	25127743	25128262	DEL
sample4	delly	chr21	26715316	26716152	DEL
sample4	delly	chr21	28835958	28836176	DEL
sample4	delly	chr21	29692438	29692637	DEL
sample4	delly	chr21	31828774	31829768	DEL
sample4	delly	chr21	32147929	32148035	DEL
sample4	delly	chr21	33183645	33184310	DEL
sample4	delly	chr21	33732714	33733541	DEL
sample4	delly	chr21	39975066	39975496	DEL
sample4	delly	chr21	44916463	44916748	DEL
sample4	manta	chr21	5243523	5243988	DEL
sample4	manta	chr21	7295805	7295805	INS
sample4	manta	chr21	9977910	9977910	INS
sample4	manta	chr21	10076402	10076872	DEL
sample4	manta	chr21	13921525	13922319	DEL
sample4	manta	chr21	14704049	14704192	DEL
sample4	manta	chr21	17522960	17523672	DEL
sample4	manta	chr21	19389253	19390052	DEL
sample4	manta	chr21	19622787	19622787	INS
sample4	manta	chr21	20093279	20093477	DEL
sample4	manta	chr21	20157804	20157804	INS
sample4	manta	chr21	22341099	22341099	INS
sample4	manta	chr21	22393143	22393143	INS
sample4	manta	chr21	23549655	23549655	INS
sample4	manta	chr21	23604698	23605611	DEL
sample4	manta	chr21	25065582	25065582	INS
sample4	manta	chr21	25127743	25128261	DEL
sample4	manta	chr21	26715316	26716151	DEL
sample4	manta	chr21	27965406	27965406	INS
sample4	manta	chr21	28835958	28836175	DEL
sample4	manta	chr21	29692438	29692636	DEL
sample4	manta	chr21	30372273	30372273	INS
sample4	manta	chr21	31828774	31829767	DEL
sample4	manta	chr21	32147927	32148032	DEL
sample4	manta	chr21	33183645	33184309	DEL
sample4	manta	chr21	33732714	33733540	DEL
sample4	manta	chr21	38801873	38801873	INS
sample4	manta	chr21	39295261	39295261	INS
sample4	manta	chr21	39715026	39715026	INS
sample4	manta	chr21	40131854	40131854	INS
sample4	manta	chr21	43614156	43614156	INS
sample4	manta	chr21	44643539	44643539	INS
sample4	manta	chr21	44916463	44916747	DEL
sample4	manta	chr21	45286181	45286181	INS
